1,Dela,DE QUEEN,dvoase0@eepurl.com,312891
2,Bevan,HUDSON,bmeuse1@cisco.com,311011
3,Cal,BRISTOL,ctertre2@dedecms.com,544593
4,Ainslie,EVANSVILLE,atytler3@wordpress.org,291636
5,Tony,CAMDEN,tosanne4@alibaba.com,163576
6,Dominik,PHILADELPHIA,dvardey5@arstechnica.com,27448
7,Chic,LANGHORNE,calgore6@pen.io,348013
8,Ansley,BOZEMAN,admitrichenko7@usnews.com,334934
9,Lorianne,FORT RILEY,ltommis8@ebay.co.uk,216950
10,Alonzo,KING CITY,astilly9@nationalgeographic.com,413794
11,Erich,MOREHEAD,egirta@blog.com,37517
12,Brendan,DIMMITT,bcowndleyb@gmpg.org,600315
13,Eloise,PROVIDENCE,equartermanc@symantec.com,162408
14,Kiele,DENVER,kpentycrossd@i2i.jp,99559
15,Lyndsay,THOMASVILLE,lizace@yolasite.com,494957
16,Rosella,KYLE,rbowtonf@huffingtonpost.com,471888
17,Livvie,CHICAGO HEIGHTS,lrosbroughg@imdb.com,79121
18,Callida,DALLAS,ckusickh@friendfeed.com,347182
19,Maure,HOLLYWOOD,mhasseyi@stumbleupon.com,203899
20,Petunia,GIBSON CITY,pcantillionj@woothemes.com,499000
21,Bliss,MESQUITE,bloddyk@newsvine.com,438973
22,Junie,BELLEVUE,jbynertl@phoca.cz,693667
23,Griff,SANTA MARIA,genderbym@chicagotribune.com,555485
24,Blake,RAMSEY,beamesn@uiuc.edu,347635
25,Pembroke,LAMAR,pbartletto@smh.com.au,680150
26,Eddy,DETROIT,elistonp@house.gov,468824
27,Davita,WESTERVILLE,dholdronq@timesonline.co.uk,955189
28,Gertrud,BRENTWOOD,gsimenonr@aol.com,547386
29,Eldredge,WHITE PLAINS,epellamonutens@themeforest.net,514297
30,Eleanora,JACKSON,ecomptont@wired.com,762857
31,Kalli,BETHLEHEM,kvelldenu@de.vu,95253
32,Cecil,HIGHLAND PARK,ccommussov@dropbox.com,813686
33,Franny,MOUNT AIRY,fgarrityw@people.com.cn,962934
34,Malissa,KAPLAN,mshillitox@fc2.com,512835
35,Jeana,BRENTWOOD,jmattinsony@google.nl,30711
36,Ainsley,FAYETTEVILLE,atruslerz@earthlink.net,389970
37,Sidonnie,JESSUP,skestian10@taobao.com,518317
38,Taylor,DALLAS,tberriball11@google.ru,554254
39,Lyn,MESQUITE,lbeccera12@ted.com,35191
40,Britte,FESTUS,bpingstone13@slashdot.org,535897
41,Lonnie,SHREVEPORT,lwarry14@yahoo.com,96772
42,Winn,LAGUNA BEACH,wmoukes15@fema.gov,963901
43,Lezlie,BOSTON,lbaudi16@nifty.com,951833
44,Vina,CHICAGO,vwoodfield17@businessinsider.com,722756
45,Keen,HOUSTON,kdarby18@infoseek.co.jp,780214
46,Cale,DALLAS,ckilby19@marriott.com,819021
47,Johna,BOERNE,jmccook1a@nih.gov,404547
48,Harmonie,CHICAGO,hreisenstein1b@businessweek.com,376586
49,June,NORTH CHARLESTON,jannetts1c@ameblo.jp,121000
50,Leone,NASHVILLE,lmacdonagh1d@google.fr,431379
51,Jayson,LADY LAKE,jduell1e@moonfruit.com,887102
52,Evered,OTTAWA,egleadle1f@seesaa.net,793890
53,Leland,CAMERON,lgodfrey1g@weibo.com,661414
54,Mae,GLASGOW,mscorthorne1h@marketwatch.com,583047
55,Haroun,FORT SILL,hirlam1i@bizjournals.com,732309
56,Dulsea,YONKERS,dnichol1j@netvibes.com,633840
57,Tuck,HAMILTON,tgosson1k@tamu.edu,224469
58,Blayne,BIRMINGHAM,bperot1l@edublogs.org,903589
59,Olwen,CHARLOTTE,obraxay1m@free.fr,107858
60,Hector,JACKSON,homurtagh1n@mac.com,920194
61,Amitie,PETERSBURG,araccio1o@macromedia.com,58616
62,Burl,FORT LAUDERDALE,bseakin1p@telegraph.co.uk,141761
63,Sarene,TAMPA,sstutard1q@nih.gov,872377
64,Maybelle,DURHAM,mstoeckle1r@nydailynews.com,52446
65,Dewitt,HERSHEY,dlinde1s@weebly.com,954962
66,Joeann,ALPINE,jdecaze1t@businesswire.com,860474
67,Maura,SAN GABRIEL,mbrayford1u@histats.com,609219
68,Rosalia,NEWARK,rdebernardis1v@jimdo.com,63168
69,Tymothy,WARREN,ttomsett1w@umich.edu,937464
70,Polly,MIDLAND,pgreenstock1x@mozilla.org,993626
71,Helenka,ELK GROVE,hmcandrew1y@taobao.com,783552
72,Rebeka,CONCORD TWP,rredmain1z@deliciousdays.com,930054
73,Rosie,LAWRENCE,rspellicy20@infoseek.co.jp,752006
74,Lezlie,EASTLAND,leccleshall21@ustream.tv,505544
75,Loydie,GULFPORT,lsalter22@noaa.gov,570389
76,Wainwright,DOVER,wshawe23@github.io,577071
77,Dukie,UPPER SANDUSKY,dshouler24@house.gov,384827
78,Dion,LOS ANGELES,dsargood25@angelfire.com,220027
79,Lavinia,GRAND HAVEN,lbreede26@tumblr.com,472328
80,Carlie,OPELOUSAS,cgouinlock27@kickstarter.com,934914
81,Carmen,LONGVIEW,cassante28@irs.gov,226936
82,Klemens,WADENA,kglasscock29@tiny.cc,240758
83,Aprilette,ELKTON,atabbitt2a@ox.ac.uk,212715
84,Elane,LARAMIE,esongest2b@answers.com,457414
85,Keen,CORBIN,kgoodbanne2c@biblegateway.com,724726
86,Homerus,MINNEAPOLIS,hmcgiffin2d@youku.com,103227
87,Case,TUCSON,cdavenport2e@intel.com,243252
88,Tomasina,LEHIGH ACRES,tstubbert2f@slideshare.net,28905
89,Damian,GAINESVILLE,dstrass2g@storify.com,817314
90,Johnna,FORT LAUDERDALE,jvictor2h@technorati.com,93929
91,Taddeusz,NORTH PROVIDENCE,tdorward2i@de.vu,621822
92,Shandie,LATROBE,scankett2j@google.cn,875680
93,Hayden,NEWPORT,hmurrum2k@bbc.co.uk,139007
94,Kippie,NORTH PROVIDENCE,kcrass2l@craigslist.org,318729
95,Caddric,GRINNELL,cgriston2m@i2i.jp,67800
96,Abbot,WOODSTOCK,abalhatchet2n@dion.ne.jp,444910
97,Kilian,KEOKUK,ksealand2o@homestead.com,710167
98,Editha,LAKE CHARLES,everlinde2p@merriam-webster.com,644975
99,Patrizio,CLEVELAND,pmalamore2q@virginia.edu,832491
100,Hazel,BALTIMORE,hmcgann2r@tiny.cc,11356
101,Olwen,BRENTWOOD,oshapera2s@alibaba.com,916930
102,Jacquenetta,CHIPPEWA FALLS,jredborn2t@gnu.org,765208
103,Jamill,TALLAHASSEE,jkobu2u@smh.com.au,931084
104,Oralie,LOS ANGELES,oledbury2v@myspace.com,404027
105,Mahmud,CINCINNATI,mmartini2w@who.int,588423
106,Samantha,BOCA RATON,svondracek2x@whitehouse.gov,317083
107,Zenia,BOSTON,zmidden2y@hubpages.com,525169
108,Dasi,NEVADA,doxe2z@cmu.edu,187016
109,Bucky,WYOMISSING,bjacke30@psu.edu,697303
110,Sophi,ADELANTO,smoen31@amazonaws.com,695208
111,Alysia,CHARLOTTE,amarc32@bing.com,854787
112,Myriam,HOLYOKE,mchown33@cnet.com,850139
113,Kriste,GAFFNEY,kbrilon34@oaic.gov.au,456663
114,Annabela,CONNELLSVILLE,aciciotti35@cocolog-nifty.com,996726
115,Felicia,PITTSFIELD,fvanes36@ycombinator.com,332023
116,Leona,YORK,lwoollends37@spiegel.de,27511
117,Rubi,HAMPTON,rcrauford38@netvibes.com,867176
118,Torie,CROWN POINT,tbennell39@spotify.com,860721
119,Marjory,FRANKLIN,mseverwright3a@purevolume.com,909535
120,Reamonn,HERSHEY,rtimmons3b@engadget.com,499252
121,Devin,WELLINGTON,djuster3c@craigslist.org,742625
122,Tim,BOYNTON BEACH,tdrewery3d@amazon.de,80468
123,Rhys,EVERGREEN,rshaylor3e@phpbb.com,801099
124,Rustin,WASHINGTON,rrising3f@cbslocal.com,223973
125,Pauli,CHEROKEE,pbehrendsen3g@spotify.com,549807
126,Cahra,MIAMI,cmonks3h@ycombinator.com,983891
127,Ashley,CHARLOTTE,amordan3i@bbb.org,398019
128,Sher,BOSTON,scannavan3j@sphinn.com,141814
129,Julius,SAINT LOUIS,jjina3k@washingtonpost.com,706466
130,Briana,ASHTABULA,bfurness3l@china.com.cn,635287
131,Clarabelle,LAWTON,cmccloch3m@360.cn,535991
132,Beryl,SUNNYSIDE,biacoviello3n@nba.com,388461
133,Jaine,PEORIA,jbradnam3o@guardian.co.uk,529707
134,Clywd,BRENTWOOD,ckarlicek3p@cyberchimps.com,508797
135,Dorolisa,VIROQUA,dheinecke3q@freewebs.com,761907
136,Toiboid,GULFPORT,tstive3r@hc360.com,112154
137,Aura,JUNCTION CITY,akinsell3s@digg.com,59795
138,Stormie,COLUMBUS,sedgerly3t@webs.com,172443
139,Eziechiele,PASS CHRISTIAN,eluscott3u@apache.org,437663
140,Martita,CHICO,melie3v@berkeley.edu,682082
141,Lyon,SOUTH CHARLESTON,lpenwell3w@merriam-webster.com,914532
142,Beryl,DANVILLE,bdaughton3x@godaddy.com,562307
143,Donny,JACKSBORO,dhands3y@theguardian.com,621671
144,Warde,FAIRFIELD,wdargue3z@seesaa.net,572244
145,Boonie,HIALEAH,brupprecht40@china.com.cn,889267
146,Conrad,CLAIRTON,cgookes41@blogspot.com,771106
147,Korey,LAS VEGAS,kcharge42@mozilla.com,277797
148,Christin,FAYETTEVILLE,cmizzen43@t-online.de,926756
149,Krissie,OCALA,kponton44@cdbaby.com,769356
150,Lavina,SALEM,lkuhle45@zdnet.com,591248
151,Elinore,SIOUX FALLS,eaulds46@symantec.com,890801
152,Hilary,HOUSTON,htown47@google.it,987976
153,Boigie,OLLA,bdiplock48@shareasale.com,191618
154,Rikki,ASHLEY,rtetlow49@prweb.com,551702
155,Aloise,WEST PALM BEACH,ajeannenet4a@nps.gov,218064
156,Alberto,CORONA,afonso4b@stumbleupon.com,498133
157,Garland,OAKLAND,gfitton4c@blinklist.com,874975
158,Reg,TAMPA,rgogan4d@posterous.com,536010
159,Salomone,BOISE,sgerlack4e@cisco.com,397043
160,Barnabas,BERKELEY SPRINGS,bsnazle4f@cyberchimps.com,282914
161,Francesco,DETROIT,fdaulton4g@berkeley.edu,921088
162,Sherry,TORRANCE,sbeardsell4h@dmoz.org,88394
163,Stephenie,NEW YORK,sdumblton4i@yahoo.co.jp,613263
164,Norina,STUART,ncrawshay4j@soundcloud.com,842753
165,Cordell,KINSLEY,clillywhite4k@sfgate.com,916775
166,Roxana,BROOKLYN,redlyn4l@cmu.edu,597522
167,Willdon,EVERETT,wstainland4m@xing.com,87192
168,Celinda,ENGLISHTOWN,cendon4n@a8.net,454951
169,Omar,TULIA,oanear4o@constantcontact.com,55024
170,Donia,KEOKUK,dmouat4p@joomla.org,679311
171,Sam,DECATUR,sboundley4q@123-reg.co.uk,912576
172,Nil,FORT HOOD,nrenshall4r@bandcamp.com,398566
173,Esma,READING,evida4s@hud.gov,123350
174,Alan,ALEDO,amantz4t@google.de,221904
175,Bobbette,SUPPLY,bcubbon4u@irs.gov,21530
176,Tove,DECATUR,tmcilvaney4v@yahoo.co.jp,520962
177,Duff,VIRGINIA BEACH,dleversha4w@ucoz.ru,570685
178,Nana,BRONX,nbaumber4x@huffingtonpost.com,972069
179,Lucho,BRENTWOOD,lbowcock4y@weather.com,125591
180,Sloane,HOPE,sflear4z@timesonline.co.uk,246109
181,Udall,BROOKLYN,ujessop50@last.fm,171164
182,Aimil,DALLAS,abott51@cloudflare.com,657265
183,Spense,JACKSONVILLE,speperell52@flavors.me,177659
184,Michelle,GAINESVILLE,mdownie53@ehow.com,656245
185,Aarika,CHICAGO,agallear54@hibu.com,611512
186,Gaven,GROVE,gbonar55@tmall.com,450560
187,Elita,NORWICH,ecantopher56@livejournal.com,634006
188,Raquela,VALENCIA,rgolder57@google.com,976674
189,Maisie,CHATSWORTH,mmacinherney58@bbc.co.uk,111682
190,Elaine,ABERDEEN,efennelow59@google.cn,529078
191,Eben,LAREDO,ebosket5a@time.com,396587
192,Thacher,UPLAND,tubsdell5b@foxnews.com,286369
193,Erastus,GOUVERNEUR,epegram5c@soundcloud.com,881988
194,Robinia,SAINT HELENA,rquin5d@google.cn,825010
195,Berna,TERRE HAUTE,bdougan5e@ted.com,415923
196,Whit,PONCE,wasple5f@google.es,869340
197,Norrie,CONNERSVILLE,naharoni5g@intel.com,704915
198,Myca,NOVATO,mcalway5h@blogtalkradio.com,413098
199,Steffie,HUNTINGDON,sdiamant5i@jimdo.com,900961
200,Elicia,CHARLOTTE,ealoshechkin5j@vistaprint.com,686024
201,Virgina,MIAMI,vpauel5k@dailymotion.com,904041
202,Dyanna,LOUISVILLE,dmycroft5l@livejournal.com,207145
203,Marvin,EL PASO,mberk5m@yahoo.com,480579
204,Stevena,MIAMISBURG,srippen5n@vkontakte.ru,518348
205,Windy,NEW YORK,wdabling5o@creativecommons.org,275705
206,Archambault,EL SEGUNDO,abrinsford5p@constantcontact.com,642278
207,Lexie,SHAKER HTS,lcolloby5q@spiegel.de,333466
208,Vally,LEXINGTON,vvedyasov5r@weebly.com,19210
209,Beatrisa,WAUPACA,belcom5s@shinystat.com,637691
210,Mendie,FAIRBANKS,mfitzroy5t@wsj.com,591906
211,Hestia,DETROIT,hgrassin5u@geocities.jp,389280
212,Rosalia,MIDLOTHIAN,rturney5v@latimes.com,995931
213,Aurel,CHICAGO,atreadgear5w@hatena.ne.jp,733831
214,Hedvige,AURORA,hpopping5x@constantcontact.com,674127
215,Kandace,JACKSON,keastham5y@craigslist.org,711790
216,Hanson,BALDWIN PARK,hlowe5z@digg.com,478264
217,Denny,MOUNT AIRY,darnaldy60@sun.com,679743
218,Johan,INTERNATIONAL FALLS,jsail61@infoseek.co.jp,675184
219,Emmery,BALTIMORE,eshoutt62@last.fm,363298
220,Alla,FORT STOCKTON,ahowkins63@fc2.com,615106
221,Meier,ANCHORAGE,mbaldam64@blog.com,877785
222,Susanne,COLUMBUS,sstollsteiner65@miitbeian.gov.cn,803962
223,Kirby,LONG BRANCH,kkinnin66@intel.com,124385
224,Mirella,FORT SMITH,mrichard67@berkeley.edu,45182
225,Phyllida,EUREKA,praincin68@bizjournals.com,857751
226,Borg,MANCHESTER,bbascombe69@t.co,411967
227,Vlad,GROVE HILL,vcraske6a@sfgate.com,555736
228,Elonore,LOUISVILLE,esmythe6b@netscape.com,902660
229,Linn,WEST COLUMBIA,lfidell6c@webeden.co.uk,722162
230,Lynsey,LOS ANGELES,lwelburn6d@nationalgeographic.com,621803
231,Ari,CORAL GABLES,aperico6e@ovh.net,237994
232,Leonhard,GUAYNABO,lchill6f@slate.com,336940
233,Novelia,JUNEAU,nmarieton6g@apache.org,50722
234,Felice,BRENTWOOD,fkinsey6h@php.net,599912
235,Regen,ATMORE,rmessiter6i@myspace.com,311298
236,Spence,MIAMI,smcdarmid6j@craigslist.org,910494
237,Pam,TAMARAC,ptreanor6k@sina.com.cn,467342
238,Bil,NEW BRUNSWICK,bjime6l@wp.com,200652
239,Cherida,PLYMOUTH,cyakuntsov6m@amazon.co.uk,400377
240,Amberly,FRANKLIN,aneumann6n@statcounter.com,940981
241,Lynsey,TUCKER,lrolfini6o@mit.edu,777086
242,Raul,JEFFERSON CITY,rlaffoleylane6p@chicagotribune.com,949710
243,Kaitlynn,BELLE GLADE,kbenedito6q@bloomberg.com,82324
244,Vinni,OKLAHOMA CITY,vdawtre6r@bandcamp.com,419401
245,Balduin,SAN FRANCISCO,bbillson6s@so-net.ne.jp,609577
246,Sebastian,SANDUSKY,spettipher6t@narod.ru,970246
247,Lee,LINDSBORG,lshwalbe6u@latimes.com,23600
248,Quinta,GAINESVILLE,qfrancais6v@webeden.co.uk,729024
249,Jamie,FORT WORTH,jimpey6w@yelp.com,106249
250,Lilia,HALEYVILLE,ldeeney6x@independent.co.uk,162003
251,Jacquetta,MIDLAND,jsallenger6y@nymag.com,683921
252,Melly,CORAL GABLES,msare6z@auda.org.au,695192
253,Gottfried,LAS VEGAS,gsigars70@bloglines.com,806281
254,Mendel,YAKIMA,mhaley71@cornell.edu,313807
255,Stephana,SAINT LOUIS,sbuckel72@jugem.jp,593346
256,Berke,JACKSON,bsmart73@baidu.com,99727
257,Gina,SHREVEPORT,gfilshin74@csmonitor.com,373856
258,Anette,BROOKHAVEN,aberesfore75@hao123.com,350584
259,Elfreda,JACKSBORO,eeffnert76@wufoo.com,785273
260,Morgan,BEMIDJI,mscranny77@imdb.com,539689
261,Hi,PHILADELPHIA,hglanders78@hatena.ne.jp,115122
262,Mauricio,SHAKER HEIGHTS,mlux79@spotify.com,550786
263,Pavia,DIMMITT,premon7a@patch.com,391092
264,Rayshell,BRIGHTON,rozanne7b@hc360.com,165027
265,Crystie,LANSE,cvarga7c@wix.com,499483
266,Eal,DAYTON,ewendover7d@elegantthemes.com,329558
267,Neille,SAINT PAUL,nsmithson7e@csmonitor.com,234747
268,Dyann,PITTSBURG,dandreucci7f@amazon.co.jp,468312
269,Carmine,VINITA,chammelberg7g@java.com,356046
270,Valaria,CITY OF INDUSTRY,vcousin7h@hexun.com,68916
271,Osborne,ALLSTON,ogowling7i@apache.org,521854
272,Christie,KING CITY,cpearn7j@google.fr,527223
273,Morganne,SAN PEDRO,mdecaroli7k@nsw.gov.au,137463
274,Lauralee,HACKENSACK,losharry7l@google.co.uk,826415
275,Janka,MIDLOTHIAN,jlilie7m@google.com.au,724872
276,Laurianne,BRENTWOOD,lbalstone7n@aol.com,876256
277,Lorenza,GLENWOOD SPRINGS,lraggett7o@soup.io,606312
278,Drucill,NASHVILLE,dgelland7p@alexa.com,543082
279,Enrika,LANSING,ebesset7q@craigslist.org,289482
280,Goldi,LANCASTER,gcoltart7r@xing.com,951859
281,Brady,SPRINGFIELD,bvoas7s@columbia.edu,61411
282,Yasmin,BOSTON,ybougen7t@uiuc.edu,321610
283,Joanna,MIAMISBURG,jderrington7u@ibm.com,665446
284,Kirstin,MOOSE LAKE,kmaruska7v@constantcontact.com,152406
285,Janetta,HARRISON,jbrimmell7w@google.it,854089
286,Jeane,BURKESVILLE,jrodie7x@alibaba.com,140854
287,Walden,HIGH POINT,wdowey7y@wunderground.com,701996
288,Dee dee,HOUSTON,dbenzies7z@webnode.com,191779
289,Val,LAFAYETTE,vchanter80@nih.gov,412864
290,Consuelo,KALISPELL,csterrick81@wp.com,453097
291,Amelie,KANSAS CITY,amacnair82@4shared.com,13579
292,Iorgos,LONGVIEW,idurker83@hostgator.com,476795
293,Dane,OROVILLE,danelay84@cpanel.net,439194
294,Sherilyn,WAIANAE,ssturch85@sakura.ne.jp,131619
295,Ferguson,MESA,fbalazin86@google.com.hk,814295
296,Ingunna,DECATUR,ironchi87@toplist.cz,858120
297,Zsa zsa,COUDERSPORT,zthirkettle88@bbc.co.uk,505791
298,Aleta,MIAMI,atocknell89@freewebs.com,797020
299,Ibbie,CHICAGO,ibarcroft8a@redcross.org,710616
300,Dewie,BALTIMORE,dshirer8b@arstechnica.com,736214
301,Lenore,MIRAMAR,lbouda8c@ed.gov,850582
302,Abbott,RINGTOWN,aswiffen8d@homestead.com,328238
303,Gerhardt,CRAIG,ghallbird8e@upenn.edu,416432
304,Cammie,DAYTON,claker8f@posterous.com,373732
305,Chickie,CHANDLER,cwasbrough8g@patch.com,397347
306,Elwin,INDIANAPOLIS,ekembery8h@forbes.com,784826
307,Elvera,SATANTA,etitcumb8i@fotki.com,345536
308,Jenda,FRANKLIN,jfoulser8j@princeton.edu,466469
309,Beck,PROSSER,bianelli8k@npr.org,573266
310,Tanner,SAN FRANCISCO,twetherby8l@japanpost.jp,23383
311,Vernor,MASON,vkembley8m@bandcamp.com,65378
312,Corbett,FAYETTEVILLE,cbrugemann8n@latimes.com,369236
313,Liesa,HOUSTON,lberka8o@fastcompany.com,863027
314,Giavani,KNOXVILLE,ggermaine8p@typepad.com,781720
315,Rusty,PARKESBURG,rpafford8q@adobe.com,791924
316,Jaimie,CORAL GABLES,jdunham8r@deliciousdays.com,917797
317,Giffard,EDISON,gholborn8s@blogs.com,983608
318,Rosaline,CORAL GABLES,rseres8t@sogou.com,33155
319,Ailene,NORFOLK,apareman8u@squidoo.com,546609
320,Saxe,BRENTWOOD,sduddan8v@chronoengine.com,693602
321,Diandra,KNOXVILLE,ddarkin8w@nymag.com,784136
322,Elisabeth,OPP,evern8x@abc.net.au,316487
323,Hertha,GUNTERSVILLE,hgheorghe8y@stanford.edu,103550
324,Gaylor,ELKTON,glowden8z@godaddy.com,403105
325,Gabriele,ORLANDO,gbindon90@ow.ly,466676
326,Deeyn,MONTICELLO,dhurdiss91@ft.com,684781
327,Roselle,FRANKFORT,rsimson92@yahoo.com,902806
328,Bernita,WAILUKU,bsimeon93@xing.com,462750
329,Adrian,DORAL,akyllford94@a8.net,221652
330,Josefina,WACO,jhardaway95@berkeley.edu,872697
331,Cornela,ELKIN,cbinford96@arstechnica.com,675437
332,Wendel,SAINT ALBANS,wricciardiello97@spiegel.de,269162
333,Siegfried,MARBLE FALLS,sfirminger98@blogs.com,904938
334,Lonni,MECHANICSBURG,ldymock99@posterous.com,870818
335,Dyna,SHREVEPORT,dgrewcock9a@prlog.org,993881
336,Jobey,CHARLOTTE,jleneham9b@berkeley.edu,555509
337,Cart,HIALEAH,csimka9c@msu.edu,422412
338,Minetta,NEW YORK,mwhitwam9d@theatlantic.com,151373
339,Sid,TAMPA,smackellen9e@cbc.ca,671697
340,Lowell,BAY SHORE,ljakubovits9f@theguardian.com,491432
341,Gottfried,RALEIGH,gmartinyuk9g@nydailynews.com,177956
342,Caspar,HANOVER,cide9h@independent.co.uk,851695
343,Katine,WASHINGTON,kcrampin9i@deviantart.com,401681
344,Latrina,GREEN BAY,lelie9j@issuu.com,765299
345,Will,CHARLESTON,wkidney9k@census.gov,506596
346,Linoel,HOUSTON,lmagog9l@tinyurl.com,102813
347,Stormie,CHARLOTTE,samsberger9m@weather.com,189507
348,Udale,DALLAS,ustamp9n@dropbox.com,962763
349,Fay,CHARLOTTE,fdecullip9o@comsenz.com,335459
350,Yoko,WAYNESBORO,yberendsen9p@census.gov,946326
351,Duffy,BERLIN,dparffrey9q@businessinsider.com,69099
352,Kory,MARIANNA,kboom9r@trellian.com,708262
353,Gonzales,KEYSER,gexley9s@theguardian.com,749085
354,Marian,HIGHLANDS,mpo9t@sourceforge.net,912789
355,Karen,HAVANA,ktrain9u@creativecommons.org,244500
356,Gabie,FRANKLIN,ghazeman9v@baidu.com,452688
357,Vilhelmina,LANCASTER,vmotte9w@gmpg.org,413965
358,Alain,MOSCOW,abernadon9x@dropbox.com,971013
359,Ashton,MIAMISBURG,amiller9y@yolasite.com,455307
360,Gretna,LOS ANGELES,gbrandli9z@cam.ac.uk,926761
361,Courtney,SANTA FE,cbeauvaisa0@cnn.com,862908
362,Aurthur,BRIDGEPORT,aduckeringa1@wikispaces.com,502444
363,Clayborn,DETROIT,cghirona2@friendfeed.com,92421
364,Iolanthe,FORT MYERS,idivinya3@live.com,988477
365,Hoyt,WASHINGTON,hdurtnala4@ucsd.edu,504369
366,Guy,TEMPERANCE,gmacfaella5@sourceforge.net,183315
367,Marty,HIALEAH,mhymora6@adobe.com,596983
368,Coraline,BALTIMORE,cpossela7@de.vu,50707
369,Mechelle,COOKEVILLE,mgurdona8@arizona.edu,967897
370,Mahalia,MOUNTAIN HOME,mnewbolda9@xing.com,954822
371,Gloriane,LAS VEGAS,gferriaa@amazon.co.uk,555515
372,Boycey,REED CITY,blodgeab@archive.org,357870
373,Pavlov,SAN JUAN,pthewysac@drupal.org,244145
374,Gaylene,BETHLEHEM,gcunniamad@amazonaws.com,729737
375,Hodge,BAY CITY,hcornewae@furl.net,89417
376,Jammal,RICHMOND,jaffusoaf@infoseek.co.jp,221609
377,Tamas,NEPTUNE,tfoddenag@cyberchimps.com,38726
378,Johannah,WEIRTON,jdrysdaleah@cmu.edu,326960
379,Cyrille,PULLMAN,criccettiai@gizmodo.com,992228
380,Rozella,HOT SPRINGS,rewbankeaj@wix.com,183245
381,Ray,OKLAHOMA CITY,rmccuskerak@dyndns.org,516602
382,Hartwell,GRINNELL,hsartinal@vkontakte.ru,170968
383,Andriette,GLENDIVE,aearwickeram@nyu.edu,834938
384,Llywellyn,BLOUNTSTOWN,lbischopan@spiegel.de,723692
385,Codi,BELLEVUE,cspargoao@irs.gov,211215
386,Konstance,WALTERBORO,kaxelap@jigsy.com,457278
387,Lynne,CHARLOTTE,lattleaq@blogs.com,644651
388,Maryjo,GULFPORT,mvogtar@jalbum.net,712689
389,Storm,ALAMOSA,sspentonas@foxnews.com,732686
390,Caprice,LENNOX,cffoulkesat@w3.org,483096
391,Samuele,LANCASTER,sdewsburyau@upenn.edu,707487
392,Nicolle,WYOMISSING,njanicijevicav@bravesites.com,819578
393,Carmine,FORT BENNING,cmonniaw@upenn.edu,651030
394,Syd,COLORADO SPRINGS,schesterfieldax@mtv.com,740138
395,Daisey,RAPID CITY,dbernardottiay@slideshare.net,152922
396,Inna,CAMPBELLSVILLE,ilampardaz@accuweather.com,48558
397,Etan,BISHOPVILLE,eduferieb0@simplemachines.org,987579
398,Muriel,SAN DIEGO,mcaddenb1@cdc.gov,370685
399,Cassandry,WESTFIELD,cheintzeb2@discovery.com,923113
400,Malynda,ARLINGTON,mjoshamb3@house.gov,823349
401,Valentine,ROANOKE,vmappb4@state.gov,556432
402,Ignaz,NAPOLEON,iwifeb5@redcross.org,413268
403,Jaine,HAWTHORNE,jwildeyb6@state.tx.us,458622
404,Effie,BAXLEY,evernab7@nps.gov,283729
405,Tatum,AUGUSTA,tventurab8@ed.gov,104450
406,Doloritas,EUREKA,dscyoneb9@dion.ne.jp,375028
407,Drusilla,LOUISVILLE,dlantiffeba@hud.gov,46168
408,Gillie,STANFORD,gbehrensbb@usgs.gov,696198
409,Bernice,EDEN,bmacfarlandbc@utexas.edu,619150
410,Beatrisa,KANKAKEE,bflintiffbd@stanford.edu,752187
411,Zenia,TAVERNIER,zskupinskibe@fema.gov,304781
412,Kathy,TROY,kschwanderbf@sfgate.com,269023
413,Sharleen,BRIDGEPORT,spelosbg@multiply.com,794921
414,Cesaro,ROCHESTER,cpickerellbh@miibeian.gov.cn,594317
415,Thaxter,LOS ANGELES,tphillpottsbi@accuweather.com,274724
416,Berne,CONROE,bbarthodbj@ucoz.com,280335
417,Aura,BRENTWOOD,aworrillbk@1688.com,773573
418,Hetti,BONNERS FERRY,hfernebl@biglobe.ne.jp,588124
419,Staford,NEW YORK,sbulloughbm@twitpic.com,37218
420,Rutter,INDIANAPOLIS,rezzellbn@scientificamerican.com,95693
421,Alasdair,SEATTLE,amcneillybo@jugem.jp,866468
422,Buck,CHICAGO,bborehambp@dyndns.org,627947
423,Lotte,COVINGTON,lriggulsfordbq@wiley.com,82041
424,Lorenzo,SACRAMENTO,lbagnoldbr@over-blog.com,477248
425,Jaquelyn,LAREDO,jheishambs@blogtalkradio.com,713583
426,Pall,TECUMSEH,plaileybt@sina.com.cn,943597
427,Ulla,SIOUX FALLS,ulonghirstbu@gnu.org,936962
428,Damita,PASCO,dwhetherbv@rediff.com,780448
429,Maighdiln,BRENTWOOD,mgurtonbw@walmart.com,748580
430,Husain,CINCINNATI,hbohinbx@nymag.com,522545
431,Jonell,PHILADELPHIA,jhamertonby@skype.com,837189
432,Brandie,DETROIT,bringbz@pinterest.com,231748
433,Suzette,PALO ALTO,segellc0@state.gov,805429
434,Mart,WAGENER,mbraznellc1@seattletimes.com,57599
435,Aron,ASHEVILLE,apfeiferc2@sbwire.com,751272
436,Deborah,THOMASVILLE,dgoodyerc3@arizona.edu,955577
437,Isak,LOS ANGELES,ihenfrec4@usnews.com,960652
438,Harley,CHICAGO,hcossemc5@umn.edu,845427
439,Johnathon,MARYVILLE,jlermouthc6@delicious.com,153774
440,Jay,ERIN,jmerwec7@army.mil,149053
441,Raimondo,MEMPHIS,roleaghamc8@stumbleupon.com,973773
442,Brand,BRONX,bmievillec9@vinaora.com,33969
443,Kimberlee,TOLEDO,kokaneca@mediafire.com,53990
444,Jacki,PEMBROKE PINES,jrameycb@umich.edu,808520
445,Charleen,WEST JORDAN,cscheffelcc@de.vu,43333
446,Ephraim,HANNIBAL,edarnellcd@amazon.co.jp,412122
447,Stanley,DALLAS,sduckerce@w3.org,992955
448,Rosamond,OKLAHOMA CITY,rfranklyncf@nymag.com,762414
449,Gertruda,LAS VEGAS,ggadsdoncg@gov.uk,968964
450,Natale,BRONX,nyukhnevch@paypal.com,841468
451,Sheri,SOLDOTNA,sdentithci@blog.com,82083
452,Hephzibah,MIAMI,hwelberrycj@dell.com,600552
453,Kendricks,ROSWELL,kfromantck@cbc.ca,896052
454,Thom,AKRON,tdultoncl@uiuc.edu,558395
455,Audy,DETROIT,abrockbankcm@ovh.net,403756
456,Mufinella,CARROLL,mcleerecn@webmd.com,522637
457,Ina,CANTON,iidellco@ihg.com,662602
458,Yves,WARREN,yhoultoncp@wikispaces.com,204997
459,Celestyn,AUBURN,ckeadycq@jalbum.net,674347
460,Aguste,FARMINGTON HILLS,abagottcr@istockphoto.com,326985
461,Rivkah,KAMUELA,rturbittcs@google.co.jp,198438
462,Ros,OVERLAND PARK,rrumblect@webeden.co.uk,938468
463,Delmar,FARMINGTON HILLS,dmckeighencu@nih.gov,31435
464,Erhart,BELLAIRE,efaudriecv@hp.com,344026
465,Danny,HOMESTEAD,divakhnovcw@wix.com,341103
466,Eugenio,ANNANDALE,ebevenscx@shinystat.com,831391
467,Elissa,NASHVILLE,ebradycy@quantcast.com,113530
468,Amandie,TUPELO,agormleycz@flavors.me,596577
469,Rosie,NORTH HOLLYWOOD,rcherrymand0@redcross.org,976987
470,Conrad,RACELAND,cviscod1@hostgator.com,268412
471,Colver,CALABASAS,cwinbornd2@wp.com,631742
472,Greer,PANORA,gterbeckd3@wired.com,913600
473,Ola,LOS ANGELES,otippertond4@virginia.edu,54392
474,Jannel,DANVILLE,jmcbeithd5@loc.gov,11762
475,Barnett,BOSTON,bdaoustd6@fotki.com,558330
476,Morton,COAL TOWNSHIP,mpartnerd7@economist.com,620705
477,Nicolea,GREENVILLE,ngleadhelld8@samsung.com,638198
478,Web,EAST STROUDSBURG,wcrellimd9@ocn.ne.jp,17943
479,Cly,WEST POINT,cbareheadda@amazonaws.com,954952
480,Ag,GRAND BLANC,aglazerdb@va.gov,157751
481,Dermot,SEYMOUR,dfarrdc@globo.com,909649
482,Tomkin,MIAMI,tdebischopdd@thetimes.co.uk,416547
483,Nanny,FERRIDAY,npersichde@state.gov,390275
484,Wren,PHOENIX,wmantramdf@noaa.gov,694200
485,Hamil,GIRARD,handrinidg@thetimes.co.uk,378855
486,Gavan,MECHANICSBURG,gnenodh@about.com,542307
487,Gayle,SOUTHFIELD,gvinnickdi@constantcontact.com,102814
488,Reed,FARMINGTON HILLS,rlamasdj@craigslist.org,413750
489,Codie,WHITMIRE,ccurbishleydk@a8.net,386690
490,Warde,LAWTON,wdidballdl@guardian.co.uk,509927
491,Peggy,PICKFORD,pswyerdm@ezinearticles.com,681799
492,Sancho,CINCINNATI,stottiedn@technorati.com,464214
493,Pat,LOMA LINDA,peasondo@imdb.com,152869
494,Diego,WINCHESTER,doloughrandp@jalbum.net,93159
495,Robby,PETERSBURG,rpoppletondq@biblegateway.com,679788
496,Chrotoem,WAIMEA,cbutlindr@house.gov,943773
497,Bob,ASSUMPTION,bdumbellowds@reddit.com,91527
498,Tad,FORT LAUDERDALE,tkarlolczakdt@free.fr,187363
499,Sabra,EDISON,svardendu@merriam-webster.com,828181
500,Wilie,LOS ANGELES,welegooddv@nymag.com,396682
501,Umeko,MURPHY,ukettlesdw@patch.com,943647
502,Faulkner,BIRMINGHAM,fcastendadx@blogtalkradio.com,598333
503,Ondrea,HAGERSTOWN,odictydy@nationalgeographic.com,534479
504,Olly,WESTON,osarfassdz@bandcamp.com,862588
505,Amalea,GALION,amourgee0@va.gov,696263
506,Bibi,THORNTON,bosticke1@stanford.edu,643014
507,Tasha,MIAMI,tantate2@goo.ne.jp,138833
508,Herculie,HOISINGTON,hqueripele3@wsj.com,74843
509,Philippe,CHARLOTTE,psketchere4@jiathis.com,241764
510,Augustine,PLANO,aradouxe5@utexas.edu,382193
511,Jasun,TOWSON,jailmere6@statcounter.com,865719
512,Vitoria,HOUSTON,veplette7@scientificamerican.com,16382
513,Gracie,WENONAH,galfonsoe8@jugem.jp,744295
514,Huntington,LAKE PROVIDENCE,hstyane9@wix.com,169156
515,Hermia,CORVALLIS,hibertea@163.com,818745
516,Katharyn,WHEATLAND,kgiacomettieb@wordpress.org,181035
517,Shirline,ELDORADO,slehrec@examiner.com,272904
518,Morley,GAINESVILLE,msiddened@sphinn.com,609727
519,Trix,GIBSONIA,truberryee@reference.com,220418
520,Cory,NEWPORT NEWS,cmilleyef@accuweather.com,561114
521,Linnet,BROCKPORT,lmoreg@shutterfly.com,218841
522,Karina,BRADFORD,kkondratovicheh@nyu.edu,140782
523,Kaitlyn,NEWARK,kgrimbaldestonei@godaddy.com,425994
524,Theresa,ATLANTA,tivoshinej@macromedia.com,516986
525,Marcie,PLAINVIEW,mkinneallyek@house.gov,420268
526,Granthem,FORT ASHBY,ggurtonel@msu.edu,872696
527,Martita,PHILADELPHIA,mcosbyem@surveymonkey.com,366330
528,Granthem,HOLLY SPRINGS,gficken@economist.com,669277
529,Romy,SOUTH BEND,rbetheleo@xrea.com,287919
530,Josi,GLENWOOD SPRINGS,jhubbleep@mayoclinic.com,552979
531,Eba,SAINT LOUIS,emaudlingeq@sourceforge.net,165702
532,Eleanora,NASHVILLE,etantrumer@telegraph.co.uk,829083
533,Adelheid,LA CROSSE,aloraites@harvard.edu,957478
534,Puff,DETROIT,pdomnineyet@jiathis.com,545134
535,Nealy,WEST PALM BEACH,ntiremaneu@twitter.com,345910
536,Gabie,CAMERON,grickertev@usatoday.com,635910
537,Leesa,LOUISVILLE,lbertew@paypal.com,507052
538,Simonne,SPRUCE PINE,senzleyex@kickstarter.com,212099
539,Othelia,EL CAMPO,oaizicey@sitemeter.com,966926
540,Ella,SPRINGFIELD,ewhittockez@cocolog-nifty.com,659419
541,Daryle,YALESVILLE,dfeldmannf0@oaic.gov.au,519744
542,Merralee,LOVELL,mfildef1@cbsnews.com,799518
543,Anne-corinne,MANCHESTER,asenettf2@fastcompany.com,928742
544,Jeri,WEIRTON,jmichaelf3@biblegateway.com,21706
545,Jamesy,URBANA,jpeakf4@disqus.com,929938
546,Ky,HOUSTON,kabatellif5@themeforest.net,641667
547,Terrill,SPRINGFIELD,ttartef6@msu.edu,612609
548,Johny,SEATTLE,jaddekinf7@usatoday.com,739794
549,Ad,EL CAMPO,adowzellf8@histats.com,121495
550,Nichole,WAUKEGAN,nstoltef9@nationalgeographic.com,894781
551,Malissa,MESQUITE,mquinfa@fema.gov,56738
552,Winston,ELKADER,wmilkehamfb@live.com,278827
553,Valerie,BUDD LAKE,vdanielovitchfc@over-blog.com,55677
554,Errol,WARREN,ecossinsfd@squidoo.com,528822
555,Tod,DORAL,tpogosianfe@livejournal.com,733320
556,Abbie,BOGALUSA,acharretteff@techcrunch.com,628315
557,Dannie,TELL CITY,dleamanfg@umich.edu,584030
558,Bradly,PEMBROKE PINES,bvintonfh@go.com,185079
559,Fonz,LOUISVILLE,fcudbyfi@dailymotion.com,507327
560,Gayler,BRYSON CITY,glehrmannfj@reverbnation.com,496612
561,Nadya,NORTH RICHLAND HILLS,nbushelfk@mac.com,778703
562,Morie,SCHNECKSVILLE,mtrenholmfl@intel.com,904682
563,Drud,AURORA,dmccafferkyfm@ask.com,737874
564,Roderich,BRENTWOOD,rpollenfn@nhs.uk,538440
565,Andriana,YONKERS,asturchfo@surveymonkey.com,517230
566,Donielle,PONTIAC,dphilpinfp@reddit.com,524227
567,Fitz,NEWPORT BEACH,fheelfq@wikipedia.org,444896
568,Brendon,SAINT IGNACE,binghamfr@yahoo.com,505887
569,Alica,PITTSBURG,ablofeldfs@mozilla.org,962302
570,Gerladina,PHILADELPHIA,gbenoixft@domainmarket.com,24042
571,Ava,CEDARTOWN,amckevittfu@joomla.org,371933
572,Ceciley,MIAMI,cfinderfv@wikia.com,607084
573,Van,CHARLOTTE,vpreistfw@sakura.ne.jp,593774
574,Annadiana,FORT STEWART,adalefx@harvard.edu,817930
575,Dinny,PORTLAND,dkenrydfy@mozilla.com,168265
576,Hall,ASHEVILLE,hbroydfz@pcworld.com,194362
577,Dana,GREENFIELD,dkearyg0@google.co.jp,878130
578,Luella,FORT WAYNE,lmaydwayg1@slideshare.net,668967
579,Kale,PERRYVILLE,kbellong2@nbcnews.com,183446
580,Leoline,PORTLAND,lmunnisg3@bigcartel.com,355901
581,Joelle,MINNEAPOLIS,jkeysallg4@canalblog.com,232070
582,Hailey,CHARLOTTE,hlocknerg5@studiopress.com,349364
583,Ginelle,LAS VEGAS,gdecroixg6@bloglovin.com,373194
584,Sonny,CAMDEN,sbridewellg7@cdc.gov,183615
585,Ettore,GRAND RAPIDS,eeddowisg8@constantcontact.com,217357
586,Laurel,DALLAS,ldegoeyg9@twitpic.com,433233
587,Stevy,SAN DIEGO,smccathyga@boston.com,915588
588,Emmery,EAGLEVILLE,erutiglianogb@yahoo.co.jp,584244
589,Krishna,TACOMA,khawksbygc@google.com.hk,771630
590,Lynn,NEWBERRY,ldumberrillgd@domainmarket.com,524327
591,Ravi,FORT SMITH,rgurneyge@europa.eu,933847
592,Esra,ATLANTA,egianilligf@princeton.edu,683840
593,Alysa,BRENTWOOD,aclashegg@vimeo.com,983639
594,Adelaida,EVANSTON,aechaliergh@canalblog.com,806186
595,Niki,VALDOSTA,nnastgi@mayoclinic.com,921153
596,Emlen,ASHEBORO,eliddiardgj@chicagotribune.com,861867
597,Skyler,MINNEAPOLIS,syurshevgk@ning.com,430292
598,Leontine,SICILY ISLAND,lmozzigl@senate.gov,321407
599,Freda,WATERLOO,fleesgm@nifty.com,994844
600,Earle,WINSTON SALEM,egrishagingn@issuu.com,215724
601,Christean,ANDREWS AFB,cmccawgo@so-net.ne.jp,467168
602,Loralyn,TERRE HAUTE,lburnesgp@google.de,492565
603,Thom,DETROIT,twilleygq@intel.com,714619
604,Nikita,TEMPERANCE,nmealinggr@free.fr,809561
605,Selina,RANCHO MIRAGE,stomichgs@google.cn,559097
606,Dorie,ALTON,dfaransgt@jalbum.net,955328
607,Claudina,MOREHEAD,cmacpeicegu@dion.ne.jp,857318
608,Kearney,WYANDOTTE,kbatropgv@squidoo.com,657528
609,Steven,STOCKTON,swyvillgw@dot.gov,878663
610,Oona,MIRAMAR,ocockhillgx@cbslocal.com,716070
611,Malvin,ARANSAS PASS,msturgessgy@yellowbook.com,548973
612,Shandy,TALLAHASSEE,spinchbeckgz@irs.gov,630116
613,Caleb,MESA,creithh0@twitpic.com,189213
614,Kirk,PATERSON,kblasiush1@wikimedia.org,271237
615,Elvera,DU BOIS,eivanishinh2@furl.net,261856
616,Allistir,MARION,aspofforthh3@51.la,514125
617,Derril,CHELSEA,dthackerayh4@tinyurl.com,872158
618,Aubrette,MORAINE,aglavinh5@ocn.ne.jp,979063
619,Ricard,DOWNEY,rbradtkeh6@multiply.com,286159
620,Chanda,CANADIAN,cjewksh7@dmoz.org,835060
621,Hallsy,CLYDE,hrosinh8@seattletimes.com,597200
622,Fan,WINSTON SALEM,fleynaghh9@technorati.com,629652
623,Franciskus,MONTICELLO,fmoiseyha@eventbrite.com,130220
624,Yelena,MIRAMAR,ypaulerhb@livejournal.com,981626
625,Virgie,LOMA LINDA,vbaitmanhc@indiegogo.com,878490
626,Aldrich,VIRGINIA BEACH,aschustlhd@booking.com,685224
627,Olav,THOMASVILLE,olindmanhe@statcounter.com,490498
628,Lisabeth,DALLAS,lwilletthf@fotki.com,898608
629,Corella,LODI,ccouchahg@sohu.com,918790
630,Bary,STREAMWOOD,bsprowellhh@oracle.com,800313
631,Yalonda,EVANSVILLE,ykedwardhi@nba.com,489826
632,Karoly,CHICAGO,kosheilshj@yelp.com,573232
633,Brandi,BALTIMORE,bfullertonhk@meetup.com,826638
634,Dalis,WICHITA,dcuretonhl@bandcamp.com,618968
635,Raymund,PARIS,rbirtleshm@github.io,948850
636,Tom,SAN DIEGO,tpantonhn@tmall.com,663110
637,Jordan,AMARILLO,jarmingerho@utexas.edu,955975
638,Dario,CINCINNATI,dkinchhp@printfriendly.com,531606
639,Albertina,COLUMBUS,akrimmerhq@e-recht24.de,780938
640,Boony,TIFTON,bslinehr@patch.com,984173
641,Bear,HAZLEHURST,bpollerhs@who.int,242685
642,Lauraine,CLAY CENTER,lwalbrunht@printfriendly.com,114272
643,Cristen,LOS ANGELES,ctabaryhu@ovh.net,771883
644,Austina,HOFFMAN ESTATES,agreallyhv@cisco.com,275200
645,Guthrie,PORT HURON,gpetrollohw@cbslocal.com,696850
646,Janel,ALHAMBRA,jdeashx@a8.net,755325
647,Griffy,MECHANICSBURG,gdefrancescohy@com.com,600292
648,Lucius,MARSHFIELD,lwaslinghz@rakuten.co.jp,932466
649,Brantley,MUNSTER,beggersi0@cmu.edu,934212
650,Darci,GRAND RAPIDS,dpammenti1@sciencedaily.com,735344
651,Zorina,PRINCETON,zkeasti2@cisco.com,960891
652,Madalyn,MIAMI,mfretwelli3@cnn.com,896600
653,Priscella,MORRISVILLE,pwasselini4@altervista.org,645540
654,Pablo,ST JAMES CITY,pdailyi5@yahoo.co.jp,132022
655,Constance,SAN FRANCISCO,cgommei6@facebook.com,197733
656,Beverie,EMPORIA,bblagdoni7@ca.gov,832622
657,Ursa,CHARLOTTE,umerrydewi8@nbcnews.com,573103
658,Charlene,MOUNT AIRY,cgroococki9@umn.edu,757249
659,Ody,NASHVILLE,oaimsonia@myspace.com,358386
660,Saxe,SAINT LOUIS,sdiroccaib@ycombinator.com,254749
661,Kelvin,WASHINGTON,kpostlethwaiteic@prnewswire.com,990388
662,Tomas,MECHANICSBURG,tsouthouseid@smh.com.au,460025
663,Lonny,COALGATE,lbarukhie@fotki.com,755328
664,Amble,KENAI,alaceif@slideshare.net,605933
665,Dee dee,POSTVILLE,dorgeeig@washingtonpost.com,554875
666,Damita,YONKERS,dmacgilpatrickih@cmu.edu,25246
667,Bryanty,AIBONITO,bfollitii@comsenz.com,432467
668,Mellisent,SAN ANTONIO,mlundbeckij@redcross.org,721441
669,Matthew,HOUSTON,mbatropik@typepad.com,939068
670,Arlen,NEW ORLEANS,alattieil@yellowbook.com,166843
671,Sheilah,DELAND,swoodyattim@cocolog-nifty.com,483045
672,Marietta,ESTES PARK,mgerrettin@epa.gov,273041
673,Marlane,AMERICAN FLS,mespinolaio@addtoany.com,578266
674,Fania,PORTAGE,fucceliip@feedburner.com,234602
675,Cahra,CAPE GIRARDEAU,cphipardshearsiq@constantcontact.com,155576
676,Faulkner,ALBANY,fkitchingir@vk.com,975456
677,Craig,BRONX,clongthornis@harvard.edu,365263
678,Gerta,LIVONIA,gstowgillit@usnews.com,658570
679,Esme,INDIANAPOLIS,ehunteriu@tripadvisor.com,895799
680,Christian,OCILLA,ccoslettiv@go.com,232387
681,Noll,CONROE,nallchorniw@dailymotion.com,267683
682,Wynnie,DAYTONA BEACH,wmorseyix@wikimedia.org,906840
683,Cecil,NEW YORK,cwillingamiy@nationalgeographic.com,228847
684,Alley,SAINT ALBANS,apearmineiz@devhub.com,372550
685,Trista,RALEIGH,tyeowellj0@shinystat.com,805816
686,Stacy,OWENSBORO,sklimpj1@oakley.com,319790
687,Faythe,MISSION VIEJO,fcorej2@fc2.com,453444
688,Berry,LA PLACE,bhappertj3@sciencedirect.com,291939
689,Merrielle,BARTLESVILLE,mparkeyj4@prweb.com,628719
690,Mariann,PITTSBURGH,mcammellj5@oracle.com,934213
691,Adolphus,MANCHESTER,adeathj6@reverbnation.com,519694
692,Conny,MOUNT VERNON,cvanderveldenj7@tamu.edu,106829
693,Trefor,SHREVEPORT,tcellij8@tumblr.com,634107
694,Brodie,WHITFIELD,bdumingosj9@qq.com,430047
695,Myles,SYLVA,mkirtlanja@theguardian.com,923472
696,Addi,COUDERSPORT,aegiloffjb@seesaa.net,934816
697,Farlay,ELGIN,fleiversjc@webs.com,976449
698,Bevon,HARRIMAN,bbedwardjd@netvibes.com,909414
699,Terrance,BLAIR,trennelsje@msn.com,616983
700,Charlean,KEMMERER,cmcilmurrayjf@naver.com,514200
701,Oralla,MIAMI,ohaggarthjg@apache.org,52134
702,Bradford,NEW YORK,bbassilljh@hexun.com,352469
703,Sigvard,DELTA,sflescherji@facebook.com,649346
704,Bobbette,SAN ANTONIO,bkellardjj@yellowpages.com,414316
705,Irena,RIVERDALE,iwiburnjk@amazon.com,39823
706,Gibby,CARBONDALE,gmckainjl@hexun.com,611178
707,Merrile,BALTIMORE,mknibleyjm@mashable.com,533010
708,Anna-diane,MALIBU,amingardojn@biglobe.ne.jp,258742
709,Nichole,BUCKEYE,nfranyjo@cdc.gov,694044
710,Yulma,LUBBOCK,ypeetjp@addtoany.com,860054
711,Finn,CHICAGO,fclericoatesjq@weather.com,171072
712,Penrod,SIOUX FALLS,posheilsjr@flickr.com,786080
713,Pauletta,EASTMAN,pgresleyjs@lulu.com,331335
714,Gavra,CLEARLAKE,ghumanjt@photobucket.com,461608
715,Gerri,TOMS RIVER,ghazemanju@netlog.com,495441
716,Marylinda,BRANSON,mveltejv@mac.com,753199
717,Loralyn,NATIONAL CITY,lbautistejw@tiny.cc,871713
718,Lucina,DETROIT,lnewbattjx@myspace.com,821750
719,Creighton,RAYVILLE,clistonjy@google.es,710669
720,Becca,SPRINGFIELD,brossbrookjz@com.com,989119
721,Meredith,RIDGECREST,mwellank0@usda.gov,842060
722,Dorelle,COOPERSTOWN,dleybornek1@senate.gov,581783
723,Joceline,CHEYENNE WELLS,jportisk2@geocities.jp,92307
724,Kippar,LARGO,kazamk3@admin.ch,133124
725,Dani,DALLAS,dlightbournek4@europa.eu,715229
726,Benson,CHICAGO,bblakemorek5@spotify.com,714992
727,Fielding,PORTSMOUTH,fflowethk6@seesaa.net,123175
728,Kim,YONKERS,kgommowek7@berkeley.edu,474389
729,Jennifer,STATEN ISLAND,jvintk8@instagram.com,678189
730,Noby,MIAMI,nkoeppkek9@homestead.com,350788
731,Stanislas,WEST PLAINS,sgoodyka@umn.edu,522509
732,Seline,WEST PALM BEACH,snewartkb@mtv.com,913812
733,Allegra,HOUSTON,alyddiardkc@senate.gov,475709
734,Caty,ELIZABETH,ckubelkakd@rakuten.co.jp,603919
735,Bel,MILLTOWN,byushankinke@webeden.co.uk,601637
736,Faulkner,SEWICKLEY,fstarkkf@xinhuanet.com,52833
737,Eve,SOUTH CHARLESTON,ecocklinkg@yellowbook.com,888681
738,Lionello,JONESBORO,lacremankh@altervista.org,546266
739,Abramo,ASHLAND,aharpki@abc.net.au,199056
740,Catharine,ROME,cpulsfordkj@ft.com,273438
741,Bobbie,LOS ANGELES,borgeekk@ihg.com,280790
742,Herbert,NEW TAZEWELL,hjoscelynkl@huffingtonpost.com,224523
743,Shelley,BOSTON,sfernskm@fc2.com,221859
744,Lorne,SAINT LOUIS,ljancikkn@ftc.gov,205415
745,Leola,FORT WAYNE,ldanilinko@latimes.com,698905
746,Daryn,MANSFIELD,dhuguevillekp@purevolume.com,87234
747,Jae,GREENVILLE,jnowillkq@arizona.edu,443455
748,Walden,FORT POLK,wdetocquevillekr@webeden.co.uk,330894
749,Carmencita,OAKLAND,cpickavantks@abc.net.au,134351
750,Pincas,SPRINGER,pabbiekt@hud.gov,720724
751,Pietra,CHICAGO,pmcevoyku@surveymonkey.com,463272
752,Ardenia,MIAMI,aharpinkv@mysql.com,386485
753,Saloma,DALLAS,slarkkw@pcworld.com,904341
754,Leoline,CHICAGO,lgatekx@bing.com,540904
755,Rufe,ST LOUIS,rogdahlky@nasa.gov,742023
756,Hakim,NEENAH,hhantuschkz@sciencedirect.com,693563
757,Farrell,NEWTON,fsalsbergl0@liveinternet.ru,971762
758,Benjy,NASHVILLE,bdevoielsl1@cocolog-nifty.com,158233
759,Darla,GLENWOOD SPRINGS,djanoutl2@yellowpages.com,686974
760,Shanie,THE VILLAGES,sgoggenl3@tuttocitta.it,377145
761,Rouvin,CONWAY,rarmitl4@angelfire.com,994053
762,Maryanne,MELROSE PARK,mmacveighl5@weebly.com,543007
763,Delaney,BROOKLYN,dlamploughl6@usa.gov,515083
764,Judon,BROOKLYN,jtwinnl7@addtoany.com,155511
765,Adam,NEWCASTLE,amarrowsl8@ustream.tv,826262
766,Wallie,NEWPORT NEWS,wdopsonl9@youtu.be,428389
767,Juanita,PICKENS,jwellenla@ca.gov,448003
768,Ilse,CLEVELAND,idjekiclb@qq.com,47689
769,Jelene,ELKTON,jharremalc@princeton.edu,731039
770,Derek,PERRYTON,dtoothld@cbsnews.com,421105
771,Zarah,CENTREVILLE,zcreenanle@china.com.cn,833614
772,Town,TRAVERSE CITY,tmacknockiterlf@amazon.com,536279
773,Greg,PEORIA,gbottbylg@cbsnews.com,602091
774,Clem,BATON ROUGE,chookelh@psu.edu,90019
775,Yvor,ARANSAS PASS,yohoganli@myspace.com,741020
776,Clemens,MIAMI,ccrookeslj@engadget.com,299740
777,Roseanne,LUFKIN,rrichardetlk@storify.com,75766
778,Jermaine,PHOENIX,jlapadulall@jiathis.com,835271
779,Burlie,WINDSOR,bcrinagelm@archive.org,779619
780,Timmie,BINGHAMTON,tsilverstonln@123-reg.co.uk,956999
781,Chandal,YONKERS,cgraddonlo@google.pl,19098
782,Sammie,DALLAS,sjamisonlp@adobe.com,518800
783,Zaccaria,HANOVER,zlewingtonlq@gnu.org,777707
784,Amandie,LINCOLN,aotterwelllr@geocities.com,839827
785,Amelita,SHREVEPORT,aantliffls@ycombinator.com,235601
786,Marthena,PHILA,mglanisterlt@yolasite.com,979363
787,Marie-jeanne,WINSTON SALEM,mhriinchenkolu@archive.org,212685
788,Lazaro,PLANO,lmessenbirdlv@java.com,736385
789,Fredelia,AUSTIN,fjanseylw@marketwatch.com,822102
790,Dunc,BOWLING GREEN,dfavellelx@aboutads.info,527364
791,Garwin,DRIPPING SPRINGS,gkippinsly@g.co,409293
792,Jesus,PAULLINA,jduesterlz@ask.com,264822
793,Garvey,HAYTI,gdarellm0@theatlantic.com,773305
794,Channa,SHENANDOAH,cthoumasm1@simplemachines.org,571796
795,Christabel,MORRISTOWN,cdummiganm2@wikimedia.org,506600
796,Kiri,CHARLOTTE,kwiganm3@theglobeandmail.com,538101
797,Neall,NEW YORK,nsneddenm4@stanford.edu,768426
798,Tobie,DALLAS,tbattissonm5@technorati.com,813447
799,Phyllys,PONTIAC,pmcgrathm6@google.nl,653065
800,Vinita,DORAL,vmissonm7@nba.com,90483
801,Alister,MIAMI GARDENS,ascurrahm8@google.nl,768119
802,Susy,EVERGREEN PARK,srosensaftm9@timesonline.co.uk,223758
803,Jaymee,LAKE OSWEGO,jfeldma@nps.gov,66188
804,Desirae,RUSHVILLE,dsutchmb@ehow.com,435230
805,Caldwell,SABETHA,cgwinnmc@fotki.com,194276
806,Tony,BALTIMORE,tbrozssetmd@github.com,813144
807,Melinde,MAYVILLE,mmargaritellime@feedburner.com,612337
808,Reiko,ATLANTA,rrizziellomf@usgs.gov,233936
809,Shawnee,MIDDLEBURY,smccaguemg@bandcamp.com,460162
810,John,NICEVILLE,jadamiakmh@woothemes.com,10029
811,Sayres,BUCKEYE,screllinmi@nbcnews.com,719282
812,Hanny,COLLINS,hstambridgemj@ow.ly,608158
813,Nonna,PORT SAINT LUCIE,nmeffanmk@wufoo.com,221272
814,Dolf,TEMPERANCE,dbairstowml@guardian.co.uk,122356
815,Laure,SAGINAW,lchilcottemm@cargocollective.com,967618
816,Aldin,HERMANN,abartolommeomn@spotify.com,972837
817,Angy,TUSTIN,aroffeymo@goodreads.com,279221
818,Ardis,WILLISTON,alevensmp@vinaora.com,580660
819,Anni,FOREST HILLS,aamottmq@freewebs.com,625308
820,Shandy,MARSHFIELD,sklaggemr@wsj.com,585964
821,Britt,NEW ORLEANS,blawliems@bloglovin.com,608275
822,Sid,ROANOKE,sipgravemt@blogtalkradio.com,762693
823,Dotti,WASHINGTON,dgilstinmu@goo.gl,76890
824,Grover,DENNISON,gedworthyemv@unc.edu,610843
825,Binky,SAN ANTONIO,bpenellamw@chron.com,731283
826,Kenn,GREENWOOD,kpowdrillmx@msu.edu,146242
827,Alvinia,ORANGE,apiggotmy@mashable.com,330138
828,Marylynne,CRESCENT,mcruisemz@un.org,822404
829,Bettye,KALISPELL,byarnalln0@studiopress.com,38902
830,Dedie,SPRINGFIELD,delderfieldn1@china.com.cn,254484
831,Giacinta,DORAL,gmandyn2@ycombinator.com,256020
832,Moore,KNOXVILLE,meagersn3@blogspot.com,783466
833,Eleni,PALO ALTO,eraggen4@samsung.com,646550
834,Lark,COLDWATER,lfollandn5@barnesandnoble.com,481185
835,Ganny,OROVILLE,gjeaffresonn6@hostgator.com,456610
836,Shirl,RAPID CITY,sdumpletonn7@blinklist.com,268900
837,Adah,VAN NUYS,apashbyn8@cafepress.com,290958
838,Clim,KEMMERER,cspreagn9@360.cn,576914
839,Florencia,SAN DIEGO,fphetheanna@tripadvisor.com,856983
840,Wilbert,BRENTWOOD,wdegoeynb@sbwire.com,924295
841,Norton,BALTIMORE,nnolleaunc@list-manage.com,898159
842,Karissa,KANSAS CITY,kvancend@time.com,770229
843,Klara,PALM SPRINGS,kgeardne@zdnet.com,884025
844,Ellene,BOSSIER CITY,ecolmannf@hud.gov,691048
845,Ara,LAWRENCEBURG,abroxapng@pbs.org,182782
846,Aurie,TRINITY,amaclachlannh@virginia.edu,790937
847,Lindsey,CENTERVILLE FINANCE,lallinghamni@hatena.ne.jp,577869
848,Kelly,OKLAHOMA CITY,kkleesnj@telegraph.co.uk,358423
849,Lay,PINCKNEYVILLE,lsmerdonnk@cocolog-nifty.com,313333
850,Gertruda,KALAMAZOO,gmuscottnl@mayoclinic.com,543075
851,Dewitt,WEST LONG BRANCH,dbrogdennm@ftc.gov,214294
852,Debbi,BROOKLYN,djewettnn@4shared.com,636690
853,Ddene,CARLISLE,dsterndaleno@qq.com,405505
854,Babs,APPLE VALLEY,bcowlasnp@newyorker.com,267690
855,Julie,MARSHALL,jpeacenq@multiply.com,132858
856,Matthias,SILVER SPRING,mgreepnr@rambler.ru,484524
857,Ed,WINAMAC,egoodredns@ca.gov,320665
858,Delano,SOLDOTNA,dvenneynt@webnode.com,458958
859,Ethelyn,BURLINGTON,ehayhurstnu@thetimes.co.uk,479530
860,Averell,EDEN,amaciejaknv@forbes.com,355932
861,Gisella,CHICAGO,gedinboroughnw@mediafire.com,957731
862,Druci,PHILADELPHIA,dderbynx@nymag.com,503814
863,Jillian,LOUISVILLE,jarmsteadny@noaa.gov,120158
864,Bryna,UPLAND,brubynz@virginia.edu,31071
865,Nerte,INDIANAPOLIS,nkeepeo0@dot.gov,83201
866,Reagan,MYRTLE BEACH,rstefio1@csmonitor.com,567930
867,Olvan,LOUISVILLE,obeetleso2@sun.com,11347
868,Tallulah,JACKSON,tbrunigeso3@webs.com,379644
869,Drucill,ALLENTOWN,ddawkinso4@qq.com,240466
870,Anatola,NEW YORK,aaikenheado5@discovery.com,915327
871,Lynnet,HOMER,lsteinhamo6@usda.gov,939857
872,Norbert,WOODLAND HILLS,nlapsleyo7@forbes.com,394616
873,Doreen,SONORA,ddenisardo8@smugmug.com,80648
874,Margette,PENDER,mdimitriadeso9@buzzfeed.com,935944
875,Leoline,MIAMI,lswappoa@latimes.com,109207
876,Dinah,EMMETSBURG,dgenikeob@canalblog.com,919504
877,Kimbell,NEW BRUNSWICK,kfawthorpeoc@cisco.com,453059
878,Leena,OGDEN,lsoutenod@homestead.com,586924
879,Peyter,LAKEPORT,pchasmaroe@mail.ru,672424
880,Murdoch,CHARLOTTE,mbohlingolsenof@jugem.jp,747265
881,Greer,OTTAWA,gbaggog@guardian.co.uk,614864
882,Inessa,DULUTH,iforrestoh@myspace.com,801720
883,Killian,CHICAGO,kmowsdelloi@yellowbook.com,521547
884,Olag,ATLANTA,orayntonoj@yale.edu,549907
885,Eugen,OCONTO FALLS,emellanbyok@mediafire.com,390412
886,Debera,CLINTON,dgoodfellowol@tamu.edu,431754
887,Scarlet,LITITZ,sbennitom@yahoo.co.jp,709813
888,Clio,INDEPENDENCE,cblanketton@netlog.com,206384
889,Harrison,BAXLEY,heasumoo@bloglovin.com,36088
890,Leonhard,CHARLOTTE,lrallingop@merriam-webster.com,138926
891,Bernie,COLUMBIA,bnaullsoq@nymag.com,473332
892,Sue,JAMAICA,salesinor@geocities.com,400253
893,Bryana,YOUNG,bkensittos@spiegel.de,93449
894,Giorgia,GUAYAMA,gsabyot@columbia.edu,74153
895,Nadeen,LOUISVILLE,narthyou@cnbc.com,323751
896,Karisa,AUSTIN,kkiebesov@google.it,900831
897,Budd,PORT GIBSON,bbunkleow@sourceforge.net,272909
898,Elizabeth,MORGANVILLE,emacquarrieox@yahoo.com,528834
899,Laird,KONAWA,lburryoy@php.net,790827
900,Brenn,MANHATTAN,bpoveleyeoz@bbb.org,53706
901,Elbert,PERHAM,ekretschmerp0@pbs.org,649947
902,Silvain,PONCE,sbraggep1@tinypic.com,876708
903,Agnella,CINCINNATI,africkerp2@t-online.de,289115
904,Kin,MIDLAND,kavardp3@nbcnews.com,696597
905,Karole,BOOTHBAY HARBOR,kgeramp4@aol.com,209158
906,Sharl,DAVENPORT,smoattp5@disqus.com,525770
907,Brina,DENVER,blethamp6@sciencedirect.com,818102
908,Kipp,CASA GRANDE,kabrahamowitczp7@storify.com,849625
909,Bobbette,CROMWELL,bnizetp8@bluehost.com,467726
910,Lock,BOSTON,lbothap9@facebook.com,812299
911,Claudia,WYANDOTTE,cbeecroftpa@github.io,66007
912,Hilda,MIAMI,hwestmacottpb@nationalgeographic.com,990218
913,My,KEWANEE,mjohniganpc@patch.com,468841
914,Fern,BROOKLYN,fsantipd@clickbank.net,126280
915,Andromache,BRENTWOOD,abrandaccipe@google.cn,984697
916,Hillie,GREENSBURG,hmorysonpf@wufoo.com,881754
917,Neille,WILSON,nwattishampg@washington.edu,63713
918,Laure,MIAMISBURG,lrosenfieldph@topsy.com,844706
919,Alford,GREAT BEND,asherwoodpi@github.com,859494
920,Janith,SOUTH MIAMI,jtommenpj@huffingtonpost.com,326133
921,Car,CONCORD,cdrewsonpk@upenn.edu,811266
922,Gino,LOS ANGELES,glebanpl@toplist.cz,763351
923,Janella,WINSTON-SALEM,jstrangmanpm@ow.ly,935595
924,Tawnya,LEESVILLE,tlyvonpn@icio.us,207431
925,Austen,EXCELSIOR SPRINGS,akonzelpo@nps.gov,435240
926,Noni,SACRAMENTO,nmercikpp@examiner.com,795068
927,Holmes,BROOKLYN PARK,hainscoughpq@skyrock.com,34340
928,Deidre,CHARLEVOIX,dadairpr@imageshack.us,868476
929,Alicea,CHARLOTTE,atobiasps@indiegogo.com,230525
930,Hilliard,CLINTON,hpickthornpt@csmonitor.com,802337
931,Fitz,BROAD TOP,fbaggelleypu@miitbeian.gov.cn,48977
932,Daphne,SIKESTON,dtomkisspv@cbsnews.com,78191
933,Carolyn,MONROE,cessebypw@google.com.br,945553
934,Lyn,CATONSVILLE,lchitterpx@vistaprint.com,82687
935,Helaina,BOSTON,htethcotepy@hugedomains.com,760222
936,Hector,BALDWINSVILLE,hsummerscalespz@g.co,572563
937,Ellene,NEWPORT NEWS,egodsilq0@ask.com,101061
938,Sandra,ASHLAND,sbirchnerq1@google.com.br,59884
939,Hoyt,NORTH KANSAS CITY,hdownq2@wisc.edu,48192
940,Lacie,MORRISVILLE,lsummertonq3@theglobeandmail.com,115165
941,Luisa,WEST PALM BEACH,lfackrellq4@wordpress.org,140599
942,Farrah,FRISCO,fglandersq5@wix.com,257227
943,Marcie,WEST HARTFORD,mshanksterq6@youtube.com,22439
944,Emmett,MILAN,emallingq7@loc.gov,431637
945,Faydra,INDIANAPOLIS,fscottsq8@nps.gov,531597
946,Ewart,BREMEN,egodbaldq9@deliciousdays.com,344122
947,Ermin,BOWLING GREEN,ebendleyqa@skyrock.com,348512
948,Keene,DALLAS,kbartlomiejczykqb@cnet.com,157436
949,Antonino,HUNTINGDON,aronchettiqc@eepurl.com,900496
950,Jeannette,YORK,jtrundlerqd@google.com,439730
951,Dotti,INDIANAPOLIS,dkorfqe@cdc.gov,562464
952,Beilul,PINEVILLE,bfeathersqf@cmu.edu,474206
953,Joscelin,WHEATLAND,jyeowellqg@ihg.com,700048
954,Meryl,MARION,mfaseyqh@mail.ru,791854
955,Cass,INDIANOLA,cdungateqi@huffingtonpost.com,547487
956,Cherlyn,DETROIT,cglazerqj@domainmarket.com,408648
957,Betteann,WEST PALM BEACH,bstorrockqk@macromedia.com,911097
958,Corenda,TRUJILLO ALTO,cmoyersql@godaddy.com,506999
959,Ricardo,MOUNT GILEAD,rshimwallqm@mashable.com,121376
960,Kahaleel,BRENTWOOD,kswettqn@virginia.edu,80126
961,Minerva,HIGHLANDS,mmccreaghqo@xing.com,329473
962,Matias,MESQUITE,mkeetleyqp@addtoany.com,513225
963,Dion,SALEM,dlongstaffqq@msu.edu,694086
964,Trudie,OKLAHOMA CITY,togormallyqr@feedburner.com,425869
965,Bidget,DORAL,bcrosgroveqs@163.com,655758
966,Deena,TULSA,dbrancheqt@moonfruit.com,556471
967,Gayle,WALNUT CREEK,grodsonqu@buzzfeed.com,40788
968,Ninette,TUCSON,nsoppitqv@etsy.com,50235
969,Roshelle,MIDLAND,rkopqw@networkadvertising.org,109764
970,Derk,TOWSON,dbinnesqx@tuttocitta.it,957883
971,Kippar,STERLING,kginnalyqy@amazon.co.uk,660877
972,Lannie,IRVINE,laersqz@studiopress.com,421795
973,Marjie,MOUNT PLEASANT,mdyr0@angelfire.com,766155
974,Dexter,MARIANNA,dkeper1@unc.edu,997183
975,Ali,PEORIA,aderuggeror2@elegantthemes.com,471852
976,Shelby,PARKER,sgadier3@stanford.edu,522107
977,Jilly,MIAMI,jbransbyr4@imageshack.us,601916
978,Trudie,JEFFERSON CITY,tohanlonr5@theglobeandmail.com,621926
979,Panchito,PITTSBURG,pfootittr6@cocolog-nifty.com,273485
980,Chris,DU BOIS,celletsonr7@gravatar.com,387548
981,Virginie,RAWLINS,vpearceyr8@china.com.cn,948600
982,Arri,WESTBURY,alerohanr9@nba.com,955868
983,Ilario,ALBANY,irumblera@army.mil,157553
984,Yankee,HOUSTON,ymaguirerb@blog.com,264156
985,Tracee,ALLIANCE,tspeirsrc@marriott.com,173596
986,Valencia,LITTLETON,veichrd@youku.com,192095
987,Keeley,SOUTH GATE,kcornillire@oakley.com,708836
988,Dominic,RIDGWAY,dmullinderrf@friendfeed.com,39596
989,Sascha,GREEN BAY,smarzellerg@google.com.hk,41372
990,Rosemarie,MIAMI,rhabeshawrh@aol.com,274820
991,Man,BRONX,mgoulterri@4shared.com,326821
992,Hillyer,SAINT LOUIS,hpavelinrj@barnesandnoble.com,248238
993,Claudelle,MINNEAPOLIS,cspurdonrk@nba.com,733826
994,Christi,FORT MYERS,cbenoitonrl@google.es,544278
995,Mirella,RENTON,mtumasianrm@nbcnews.com,464427
996,Albertine,MINNEAPOLIS,aglasscoorn@nih.gov,387868
997,Evvy,WESTBURY,eleathesro@ihg.com,351960
998,Dari,LAGUNA HILLS,danselmrp@oakley.com,863954
999,Inglebert,DOWAGIAC,ibiggenrq@sitemeter.com,882004
1000,Frederico,MIAMI,ffablerrr@oaic.gov.au,886820
